,a2c,ddpg,td3,ppo,sac,mean var,dji
2021-10-26,1029397.4416037484,1064377.7460570754,1062395.409279957,1034293.6287058424,1030978.7382901305,1001475.8691049317,1041671.0004376635
2021-10-27,1033300.901122181,1056769.9250884475,1056402.4946032907,1025906.7967314771,1016823.2002156371,1000531.2971629527,1033916.4142458431
2021-10-28,1043162.7418504868,1059442.220307869,1060545.0822307016,1030918.2661915029,1024983.099133789,1008047.5962870911,1040901.9599721152
2021-10-29,1047333.3451058083,1064423.9456916275,1066706.815579548,1033841.3757838416,1025536.0999234313,1009308.3324534721,1043496.9879058771
2021-11-01,1051252.4164321632,1066119.3089347305,1066466.2343531991,1031704.7669623122,1031809.4824650878,1000506.340004957,1046243.5935105638
2021-11-02,1054439.2572091676,1070741.633309883,1069705.5274783517,1034996.7113774656,1036396.7482350463,1002444.3398510114,1050286.8027057296
2021-11-03,1056985.79648193,1072558.990808052,1070603.8758708383,1037006.8546923154,1038311.6508114928,1011535.5469324245,1053344.1880546326
2021-11-04,1061207.1921929056,1071427.1985297622,1069892.042885914,1033134.1680765165,1040108.979752838,1016180.9149870984,1052372.7026367004
2021-11-05,1070472.9206773492,1076406.163098854,1072211.956772938,1032533.4151584753,1046205.008961975,1015187.1323992764,1058307.4464010203
2021-11-08,1074707.951752968,1082643.2871451797,1079956.404202595,1038789.5177882665,1049885.491158783,1015015.8003543988,1061345.0310631809
2021-11-09,1070922.2500985796,1079055.2848182144,1075141.736092701,1037111.2502723021,1045634.3617070311,1018425.5176143325,1058075.300418523
2021-11-10,1059869.5957908134,1069787.719411415,1066664.240983143,1031897.4718529447,1039095.5691922301,1004710.4347491615,1051082.471681035
2021-11-11,1054342.7810939332,1064426.462495369,1066508.8592730905,1024681.911997663,1035846.5969632262,1001837.8791874712,1046458.8975296255
2021-11-12,1061102.0248536798,1070219.4741950454,1072121.7958232309,1029579.0761774076,1044055.2790158385,1012179.9409661428,1051675.8095010067
2021-11-15,1062436.434113476,1065515.812268776,1069304.0691157724,1024339.9557647947,1047585.1735585326,1006181.8881545714,1051301.1896116037
2021-11-16,1069599.0617265436,1065049.5786338272,1070330.591107502,1028526.1341062369,1049733.066762268,1026101.5499745379,1052896.7380530736
2021-11-17,1067702.9052057,1056680.188413185,1059684.04955019,1019537.3102471823,1045943.9022877807,1030219.3535664676,1046744.9833139386
2021-11-18,1067788.182911541,1050922.4347663345,1054316.2565509225,1021221.7659637197,1043555.6386311644,1045453.1870189698,1044994.1018988858
2021-11-19,1062369.1095108949,1043600.9575248185,1043924.5119258309,1010265.5104147161,1035149.7693303222,1048383.4684144693,1037158.4922072919
2021-11-22,1061427.6285189476,1039720.0680633012,1042877.6241427803,1014095.7652954458,1029043.9167149657,1046595.2431551253,1037661.58896642
2021-11-23,1059246.5532015306,1044403.9934363785,1050801.4813853647,1026431.9897523093,1031103.4389737243,1050170.8740582918,1043329.2510538177
2021-11-24,1059322.5460968935,1042736.8122344437,1049658.027047291,1024717.7756498159,1032438.0892155761,1055972.9992255676,1043054.7725686292
2021-11-26,1032093.1871070367,1018042.9291129533,1021456.2175265694,1001006.5957372793,1006437.6358807677,1030164.554342489,1016689.1339976199
2021-11-29,1041614.749498501,1032352.9903960648,1034133.2473079109,1006074.6408418554,1013967.2024548644,1047941.1501927205,1023581.821330893
2021-11-30,1019823.8899031793,1007982.0603766862,1011258.7196742439,989038.0804229864,996660.331101715,1043055.2271422013,1004581.241648719
2021-12-01,1000601.9023085138,985612.2654929581,990577.6703311348,985604.0417362989,974008.1014683837,1034972.659661103,991131.5682803923
2021-12-02,1020716.432785885,1002868.5494018021,1008366.7121478462,999840.4554183707,995744.9694226378,1044438.1070681589,1009127.8889941637
2021-12-03,1016983.6472464524,1000468.0304274979,1004430.7637683296,1000848.2678327154,993563.1647656554,1043622.7504656228,1007388.3872841356
2021-12-06,1033722.0799681398,1018844.1874366227,1020565.7578593636,1020661.4612106604,1014504.1324933165,1061831.8814514077,1026235.4547455304
2021-12-07,1048031.9651284486,1036959.4451804581,1040363.6059771919,1030584.689412889,1028412.4688046569,1077548.3559607975,1040580.0281169752
2021-12-08,1046178.7486214906,1039946.9310088578,1043058.3305560494,1032192.3943525861,1031059.2754223937,1080786.7833036939,1041608.9810452805
2021-12-09,1045831.6028008729,1040161.4335341874,1044355.2523051644,1034432.2017422727,1029780.8078053588,1081483.2590325386,1041607.2740895269
2021-12-10,1056593.1279800911,1046200.4187102738,1052537.7125140573,1038740.3682870383,1035189.3495419616,1097342.2897305144,1047908.4443556322
2021-12-13,1045864.2196967888,1040503.6280684891,1046205.705132618,1030709.8837401404,1024975.2795155639,1082014.8036894212,1038585.0520291493
2021-12-14,1035004.3917769662,1033045.4444251481,1039679.7872401619,1033028.3946385435,1018885.1126568908,1074939.9264813047,1035474.6372548327
2021-12-15,1046101.8052735482,1047825.8210311356,1054070.8542224313,1047936.7837094968,1032146.5353329772,1095773.5958338107,1046639.4934483625
2021-12-16,1040735.0968627892,1045404.5892997208,1052986.5125514413,1049788.9525558294,1027568.9190991515,1074410.241208105,1045771.6771432024
2021-12-17,1025235.8366006432,1031286.0431075516,1038776.9979907417,1029742.7132589697,1015498.731000244,1057784.5882628774,1030267.6256268226
2021-12-20,1011600.5704286271,1016832.9433532181,1024393.2583781624,1020437.0961003737,1003253.7828763122,1051035.313275633,1017645.256813769
2021-12-21,1026800.4961727677,1033451.3080573502,1041648.1056758309,1030640.8635591979,1018965.3915265197,1066636.6963672317,1033974.9059296683
2021-12-22,1034917.4483631669,1041871.6645522538,1050998.5222636606,1040008.3303000387,1027000.7065251464,1078682.1134882835,1041583.9456942269
2021-12-23,1042659.2990368424,1046797.454885048,1054465.6521922494,1044690.5502949576,1033362.3332837218,1081545.8956063308,1047313.2857828566
2021-12-27,1054294.4274738848,1057614.749478859,1066864.0139132882,1054573.6910370458,1043944.125115692,1098687.160202272,1057562.5309101238
2021-12-28,1055145.6707943499,1059217.3964095535,1067932.137440815,1059062.837729795,1045793.5755208129,1099943.542302223,1060354.3139437574
2021-12-29,1058689.5732906878,1060531.2187133254,1069401.875119343,1062077.5996243567,1047864.1935856933,1106489.6392352418,1062988.374265753
2021-12-30,1054768.9132259905,1058550.2556930007,1067196.2230807687,1059799.4858120664,1045316.6181157226,1102613.8199463857,1060350.4448440492
2021-12-31,1055643.7584637224,1053912.138337654,1062491.3924495126,1058018.93112618,1043883.2805264586,1104013.7257950779,1058609.0085841666
2022-01-03,1053177.050494057,1063198.9951034011,1071594.3869525339,1066145.957860929,1051930.208195984,1105284.054105185,1065797.568248074
2022-01-04,1060292.472216469,1059932.9436202468,1069686.2039081003,1070318.0030625318,1058731.1666081543,1098111.9738972653,1072049.0092032226
2022-01-05,1045838.9568852006,1037824.7150168839,1049277.4263507272,1063642.898335294,1044695.0573056334,1078953.9512600065,1060613.543624213
2022-01-06,1048721.5275639116,1029476.5206160966,1040581.8461123848,1050512.6706123517,1042849.7436383361,1062187.4820760244,1055642.4332813583
2022-01-07,1047365.6291264115,1027087.4913955155,1038159.3285533333,1045622.1270539716,1046669.4696705932,1044292.850443805,1055502.3491125081
2022-01-10,1037830.5286207887,1027845.0296721879,1039103.8127566719,1046846.3739554305,1040365.9837468261,1038324.5525229734,1050759.9708406439
2022-01-11,1038115.5460425111,1036039.8199439469,1044407.3101703072,1051160.561768411,1050588.1377881165,1045224.1882394275,1056095.4593383793
2022-01-12,1043616.8138418886,1036004.4234214249,1044656.3848010445,1047801.385440637,1054373.1304906006,1052369.1766281198,1057211.239416021
2022-01-13,1036210.5787382814,1022088.9959273759,1030818.6792155647,1043084.166564176,1052050.1062520142,1038450.4755204882,1052063.629848238
2022-01-14,1030605.7140227052,1020618.8606772843,1029561.9075938606,1031584.9215860381,1052977.9776204224,1027953.6039653658,1046184.4190444371
2022-01-18,1021144.4146261903,999048.5559440079,1007182.2135135079,1008295.3849768004,1044615.1626828307,1011947.206139677,1030355.8183407617
2022-01-19,1009693.432498047,996353.6800895158,1003100.7593165779,1002112.6271426558,1031229.8529179686,1000681.1159693028,1020456.1577518436
2022-01-20,997383.8112974855,990363.288075966,1001786.0914737129,994816.7220506758,1017624.0865109557,987130.3065069953,1011330.3171045842
2022-01-21,985565.533896515,975200.9994903031,987887.7137042427,985147.8829405074,1001479.1949284667,980261.9409986101,998220.3279312357
2022-01-24,993850.5483923646,975688.3243308488,990182.8854724312,987462.9080351385,1002687.7657979125,993692.2649219965,1001108.155675275
2022-01-25,982304.3786764833,968951.0325026932,988363.8398257637,982144.762226972,999577.8137028808,981139.8995904985,999163.022695456
2022-01-26,980517.1391745302,967880.0287566605,991309.2429782295,977236.8948562483,990064.6311696166,979481.6247575664,995386.3261919615
2022-01-27,980327.1943999025,971486.1954436722,991931.5899707222,979661.9741389288,991029.1205227965,980609.6961662255,995173.4119109552
2022-01-28,989694.2313910219,995271.2671294633,1018330.787667408,995847.7440266089,1009741.4561436767,1014560.4795662877,1011623.9134942136
2022-01-31,1001007.5634031984,1010565.2252631608,1030701.4305011177,1009486.1952171149,1022393.9354413146,1028779.5326877651,1023462.903413388
2022-02-01,1004444.1042967531,1016131.6401458207,1036888.6451045418,1015377.7034390654,1032896.2374547118,1028693.0812684142,1031426.9899747075
2022-02-02,1010831.2227469179,1019624.0973716202,1045411.764268055,1022980.1225881284,1034494.1569188231,1040381.0504239008,1037955.1853560493
2022-02-03,985035.575820038,1005879.3831916276,1032642.7100192452,1014125.7249228453,1010763.1179822081,1027808.0032219867,1022859.8928441457
2022-02-04,985003.5880385133,1009438.0379043046,1036789.9191752815,1011622.0151678137,1007331.0934727782,1020875.3953882195,1022235.829820608
2022-02-07,982404.5616102907,1006860.9585318986,1032738.7494975472,1009499.4466302923,1009908.0179036254,1016732.4286834012,1022276.3415704949
2022-02-08,988642.8026152345,1021894.2184997025,1042326.9838076973,1017735.264719396,1023934.2361958617,1029509.4692837565,1033103.3343218503
2022-02-09,999097.1371527406,1033151.9105887833,1053989.5689784433,1025132.1370529226,1030458.9449093932,1039658.7958345461,1041996.6875954616
2022-02-10,985959.5779944154,1015867.1099448624,1036169.6835299873,1011532.5810427641,1013637.5071652526,1016494.4741905687,1026659.5763517894
2022-02-11,970466.5806685182,997901.1445174637,1018093.1863109017,998622.9115431303,999434.5699475402,997590.3784949434,1011990.6813871495
2022-02-14,968111.9858198854,994242.6093039933,1013481.9392634773,995822.4490355925,993891.3144085997,997337.7012391819,1006983.2697852672
2022-02-15,980297.6333265993,1007957.3804221574,1027924.2585994148,1006341.1171549467,1008255.224259674,1011182.9300779173,1019296.4520128081
2022-02-16,978301.5937987062,1006183.0691504899,1026434.6305781746,1003358.2727425054,1005377.3678410643,1009112.1870483187,1017706.7072209007
2022-02-17,955920.3265333864,985052.5514655533,1005225.6814891243,987844.7180313735,985670.3353703612,992812.9895115589,999579.633696399
2022-02-18,949231.416960785,977781.5274062577,999366.9100924873,983273.7550670904,977307.8461888427,987061.7546466758,992796.1915313601
2022-02-22,937210.1430311891,970077.6977172318,992302.1475078011,964314.0683495954,958721.6209805602,950903.2872692287,978737.931538329
2022-02-23,918346.0953252107,956227.0135932389,977219.8400317574,951978.332743585,945230.2381680602,933322.707699587,965195.9687622546
2022-02-24,929059.4255902559,966319.4312911454,985032.9490062142,947141.3095297331,952474.1642125243,942969.1653811033,967878.051439453
2022-02-25,946108.7779004365,992026.9001861039,1011584.2819148445,974407.862676164,976127.7088521117,961809.3629137928,992201.0329585845
2022-02-28,943302.2274052888,987453.1566787186,1006848.818539753,966755.4899737486,977913.8340199584,960083.4388733535,987360.7892235103
2022-03-01,927801.7055699617,968871.0906806412,985785.783887043,954916.7532058386,964744.310990631,957170.3681097832,969949.9543332437
2022-03-02,946995.3822743684,981936.5004058304,1000940.8966342354,970194.2501436666,981296.4790547484,975523.1473567232,987324.3741674323
2022-03-03,940012.9312169343,978169.1466918412,996565.5034114266,968616.9834907202,978532.7734120482,971545.6256372352,984507.5557827451
2022-03-04,933245.500739792,972260.282758278,991568.1632930184,965766.7629867072,971341.0954754943,970836.2266941426,979267.8844013149
2022-03-07,907587.7204243928,943697.7472205582,961833.9894534493,947927.5856410154,955666.4159062499,950141.4332368798,956037.3545645248
2022-03-08,909454.3704678804,930382.4151854935,949006.0033999825,934841.5833347602,958645.6137402648,931973.9196392663,950655.55066734
2022-03-09,924303.0055005342,958738.3922248307,980824.7579852486,953783.8868444494,974068.9696591491,955923.9833686579,969696.5283023505
2022-03-10,921623.0839459688,953260.9140754166,976170.8390094185,946093.0142202658,968151.5451176757,952050.3913032203,966428.5046134462
2022-03-11,921323.871215561,943092.3301444474,967137.1487018013,937021.2124849295,963802.5834859008,938594.2092002373,959731.6620036429
2022-03-14,919209.4334981233,944127.3970084611,970379.0190478706,935494.6075846342,962578.4570859069,933118.5161167869,959762.1596131083
2022-03-15,940970.5082890779,964492.6356597367,991842.4039126778,954739.6613972754,976651.9355099791,957166.5953997123,977215.2132090154
2022-03-16,956281.2453152925,982138.6164870682,1008659.4839640999,967872.2573978171,990877.5717862243,972375.6230473367,992327.8028725561
2022-03-17,966297.7799222261,995299.915368599,1021253.1156016731,977061.0171720175,1004718.6528065795,985398.3238703368,1004495.0972816844
2022-03-18,975543.8798901826,1006038.1925712052,1032461.3514720345,982274.0712784552,1015970.4173825377,998580.1604070034,1012482.170847153
2022-03-21,968359.6713216096,999090.449895424,1026644.1684543038,975064.9977008642,1009248.8907864684,989975.6193051501,1006599.204740694
2022-03-22,976315.1929700166,1006875.2939277116,1034601.6233226204,983618.1971725019,1016709.2663930053,997261.6993129201,1014012.513578833
2022-03-23,962364.25164769,990897.3382163468,1019217.0606852913,972747.9051585707,1002946.6929219359,985310.257947145,1000933.3634061004
2022-03-24,971328.0405576021,1002584.3486838761,1031428.7469149971,980449.1234723371,1012131.8510411376,996404.8119787138,1011113.3061297692
2022-03-25,973917.4662740022,1004169.0039687577,1035034.0172358894,984070.8600179763,1015639.8576253051,993699.0793220564,1015579.1575695408
2022-03-28,979391.8361623079,1010331.2638755265,1041017.1180430794,984550.2976492553,1018894.5554783934,1000939.4818238369,1018336.5738940007
2022-03-29,990542.8316609651,1022685.0860991898,1050763.089394703,996193.8509075713,1031376.6067517394,1012845.2707751658,1028191.9674303739
2022-03-30,986372.3035542757,1018972.7393584672,1048264.3984500313,990963.8455651792,1026341.5791791076,1007219.052054865,1026287.2324033914
2022-03-31,973128.7938763887,1003751.2212615433,1032731.7357837105,975183.8974747824,1013360.8975155944,985519.8349344133,1010251.2934741717
2022-04-01,975713.393394211,1009206.6697211686,1039226.8954516792,981921.8380897116,1017425.0278332824,989134.1229141704,1014327.3900168579
2022-04-04,980006.4021909029,1014852.0447135392,1042555.9909488106,986097.2538084654,1024836.2249043578,999377.817541039,1017345.7429775272
2022-04-05,970116.9050824434,1007281.3215194169,1035292.8361445809,978026.4865829024,1010942.6994908446,994537.1784474369,1009168.4007440506
2022-04-06,960847.3865697175,1000372.4846435013,1026648.2801371956,971979.4392183699,1004763.7420666808,986986.801377407,1004953.9269882677
2022-04-07,964596.099883774,1002329.6038451615,1028500.9703875923,977366.8562220015,1006501.4011548156,994319.1394145504,1007490.1218470535
2022-04-08,962681.2372243196,1006881.3922477189,1033614.3136569405,985993.8371531843,1007077.552926361,1001484.0954723819,1011497.257377292
2022-04-11,951839.792209366,993023.0769133988,1017615.5612727547,977432.6267039656,996783.321046173,982710.4694577301,999464.4710815522
2022-04-12,949553.4245412141,986594.2739081803,1009909.0171901131,975272.8870761275,996983.9258893126,982389.9175226935,996909.0445212752
2022-04-13,959194.1756932527,996712.4830909196,1018589.4446460152,983977.8608123831,1009339.6144841308,995000.0121831802,1006937.1819799184
2022-04-14,957939.150500992,988137.851205391,1011161.9178935433,976497.2893592886,1004973.7056668395,982807.3516970499,1003634.7915818405
2022-04-18,955346.7394482881,987863.0801825944,1013717.9256030464,974436.9771415762,999394.1081402892,976847.263128043,1002482.9378392716
2022-04-19,969434.9065053255,1002601.1778006974,1023338.5238238716,988280.8634559683,1015365.7141202086,993622.0307131953,1017034.6218421602
2022-04-20,971164.6117131502,1006794.7975936356,1035510.0012751961,996167.9846396879,1018665.6235135192,1003019.2260973445,1024305.6843674944
2022-04-21,960255.3724477083,991696.3428740922,1020639.1604052925,989018.0131708578,1006636.3765233153,991143.2449973949,1013584.2952787653
2022-04-22,929577.1143529207,963430.5072646561,992677.614331379,960952.0528570571,977929.1178296203,959969.687460915,984995.1761430401
2022-04-25,939631.8803784639,972981.1794906083,1003928.7806025887,965497.4452605376,984124.737389862,967981.1196419621,991930.4235731044
2022-04-26,916054.7683559724,948750.1413360062,979062.0172435188,942798.7334799895,960834.8116849059,941692.9612427399,968354.405891774
2022-04-27,926283.7116498871,958769.5576529923,991047.9111987496,937845.9771703962,961764.7231152648,946105.4171204953,970153.3096620296
2022-04-28,944537.7565090944,976564.5671248856,1015584.4069453621,962958.7374395613,977392.4359372252,978016.8628804844,988053.8132594957
2022-04-29,922959.7928577882,943595.0744529191,982180.1150943184,937073.6076139692,952224.9689839476,945468.5364140143,960693.5884693546
2022-05-02,930287.5777251283,943690.2059951249,981996.6770221138,939737.6161875128,955056.6590893859,948604.5113858021,963149.1012195174
2022-05-03,929420.126480774,943815.0849776688,980428.4088565254,944031.6950911382,959480.3728345031,946368.979552402,965109.369207019
2022-05-04,961403.044815735,967247.1759696427,1005397.4758883858,969553.0771914152,988679.531441986,974200.6791286106,992268.2870152786
2022-05-05,927993.6191336671,935131.8521361771,972175.9117747688,940552.5397422232,955407.1120846862,930872.282998551,961298.3059943506
2022-05-06,922307.1660544435,932078.9389052811,969506.5964671517,940245.8113547644,953138.0581448668,926464.2664030949,958425.9546491443
2022-05-09,905913.0403182069,913613.3165145341,947269.967896595,928806.889328321,930457.9107831115,909382.9548933269,939383.15626133
2022-05-10,902984.1813437501,916024.5559859696,948934.4837085152,924339.4833148703,930825.450909912,908587.6071204618,936908.1273170502
2022-05-11,891365.4317709962,903957.340772194,939157.6390010262,910950.3965414786,921674.8058827514,885869.4655339634,927392.7024682808
2022-05-12,890567.0883719483,896546.9868483964,930386.7729808235,911618.0354165549,922044.5689747924,880676.9433795732,924368.5458580491
2022-05-13,901577.2374121705,913090.9063773575,947689.9637233162,924477.4076631216,935097.0744565123,901638.7316816099,937954.548092568
2022-05-16,902697.7363249818,911785.541616005,947628.961293354,926165.633724874,937218.9534314269,900307.5662695334,938734.1147852638
2022-05-17,914915.2905470887,920257.6536994401,960559.3897639656,941671.5901228843,953716.8605549926,910349.0525502407,951294.9762926606
2022-05-18,880183.855236725,888058.9714713517,925871.47300066,911037.0502478537,924477.5222867125,864672.2247102662,917370.1410650994
2022-05-19,873620.3584487,885668.3997588578,917230.8904582405,906737.0007762655,917486.1844723815,861832.0772893925,910467.6102869802
2022-05-20,869565.5785147706,890128.3621116105,921784.8159877205,906480.6383884024,916350.9449513549,867286.214874993,910723.0846647779
2022-05-23,885419.4044310609,909097.7872214738,943297.5026599312,922925.0359547095,932285.0603116149,881216.0065453623,928736.5887331362
2022-05-24,890907.6144148866,906610.797021431,942546.3170672798,923154.9789001212,930252.5044263,879788.4354168669,930145.9652004068
2022-05-25,898192.2541586915,911997.4519324723,947259.7599231148,924916.2582684531,937447.8473828429,886105.7469642372,935729.4174706239
2022-05-26,913608.5559050599,925562.2441878739,961674.5910540962,936638.4815541281,950841.5152333373,905709.898715202,950788.0673323491
2022-05-27,931490.5156981507,941389.7795196,978264.1082965279,953930.6004544272,967401.2320149535,925942.3186227401,967561.4680456745
2022-05-31,926815.0247122804,934316.1108489457,969904.8623935127,948342.5262089743,958459.9952176207,915334.8131869892,961069.6877204106
2022-06-01,925318.3921515504,933747.741578621,969511.3467723274,938709.750860311,960506.172822296,911370.2848352692,955916.5020971658
2022-06-02,939977.7551390687,945793.1037993851,982895.5154544258,948488.4322313132,977158.8601163024,928478.1631408571,968590.4209739799
2022-06-03,933508.1776053468,933034.669766945,969970.6344577217,935940.8875743841,970357.4652646178,912305.4254972776,958435.5136013648
2022-06-06,932952.7660414735,932323.5640387955,972494.191548481,936983.371832498,968101.734200775,913921.135022119,958904.016057219
2022-06-07,940666.6320426026,941323.9087043229,982382.7844439888,942641.3504353956,977657.3026631469,921339.6425793209,966605.3452295252
2022-06-08,935029.5024802247,934321.0120482865,973094.6074191475,931632.0124394125,974266.5252125853,914981.6995602668,958761.769744414
2022-06-09,919602.3230521241,916252.957921547,953550.0513736153,912556.9470557837,955197.7852070922,902311.0638149838,940172.3388047713
2022-06-10,890065.1201979676,889756.722638649,927056.0175715828,885807.6432201132,928903.2103093261,877238.3319625565,914536.1393258254
2022-06-13,870100.5000006715,860413.9512153092,897547.0807734871,862882.3028020072,898700.808583557,849520.7607727958,889015.045563201
2022-06-14,867003.7877127687,853405.4372115555,891879.7968074227,859104.7787808585,897583.9601452941,843269.5969216154,884589.5920762658
2022-06-15,873294.041664795,863483.5620246354,903144.91566576,869178.5592641043,907875.8827183837,852696.0772476045,893436.9713415785
2022-06-16,847658.6515891114,843168.3694205704,882356.3830348396,857287.0452984977,882277.023175537,829539.5599704941,871836.7549451077
2022-06-17,846742.1676642457,845699.56442408,884478.4542971993,854723.6248673911,883604.4763692016,827892.41018628,870721.2593600919
2022-06-21,858388.1862227479,868550.9882483903,909774.619080677,872980.9520601553,899101.4913228148,851375.0107364713,889408.6126614695
2022-06-22,853578.8639113465,873280.1203780595,913731.0097133064,876383.8769754691,894892.4541295165,852707.2849524372,888035.9357429025
2022-06-23,852628.6787764588,887149.6687255326,926039.7364245796,890996.6650919241,898278.2048390502,872091.006086873,893694.2095736548
2022-06-24,880223.157479004,911061.1957793656,953304.059315815,913787.8004297537,926429.1048710936,888302.7199778177,917679.2138535619
2022-06-27,876520.9103056947,907609.7755828324,951715.538624897,912869.2360488066,922982.7061207885,890723.0925784206,915860.7938891894
2022-06-28,858176.7016608277,893689.501798195,936921.4389888191,894945.5410949835,904846.9633763427,867290.6965562281,901549.1078652652
2022-06-29,860787.8988158265,899262.9387565079,941294.4056521797,901983.8497378973,904449.6285222167,877428.4475131441,903947.2669021052
2022-06-30,854332.7189948121,889943.3017325822,934087.8917933846,893199.9992845205,893637.0492413634,870577.4589034203,896551.1983170782
2022-07-01,864940.2855460206,899282.4230475846,943592.9938784981,904993.4851510671,904011.078152954,880735.8123863365,905926.7665910978
2022-07-05,863541.8468901673,898344.1302733842,938392.3149577522,906732.6369149832,903652.3109830016,885691.4888053553,902155.9306356908
2022-07-06,864908.584797577,902195.4192023698,944973.3974620247,907610.1079805044,902927.5203106994,893442.7863846846,904191.0770822527
2022-07-07,876373.9568526307,909717.6211677018,952766.6770907784,915852.4249081053,915589.2772343749,904225.3454075601,914296.1413468609
2022-07-08,873646.3097579041,909001.5967841569,952444.0147563362,912723.1732872175,914190.4044259185,907077.5170444876,912944.4030855387
2022-07-11,866941.2737013856,904696.7736640397,949656.1111003304,911360.5146011633,910244.3525155181,900937.438515185,908157.7008626044
2022-07-12,855930.107403473,893527.8185744706,935150.9211932564,912738.3616703124,908732.4112771148,897083.2428906765,902549.4977339593
2022-07-13,853556.2122733155,885208.3527846757,926038.9307261849,910260.8851996206,903429.1093457335,891640.8980384244,896474.2715111133
2022-07-14,847337.9317938844,880490.7255454484,919894.9583560372,908646.6375466818,902835.6846459502,898251.2994309518,892319.4843081833
2022-07-15,859469.1110615388,907051.9314170304,945302.0208979988,923474.7937331137,917193.3874867553,920459.2679326873,911490.9871598236
2022-07-18,854606.8822363892,901208.5055785599,938395.6739283943,916279.0366200651,908976.6362698668,909816.7482625691,905208.6503055337
2022-07-19,877359.7103804627,926685.2141318741,959890.354287281,937537.3217839292,932145.4368565673,934306.9604690316,927187.0711984901
2022-07-20,882441.7023924866,929220.0936141434,958885.7973987007,934726.512127088,938294.6986210936,935271.8054900335,928579.264311174
2022-07-21,886060.0183638611,936744.4314666215,965649.7784587288,941095.0234344343,945035.8714154357,944456.1828760131,933300.4194331678
2022-07-22,881615.6034888306,931974.5962844315,962309.5808116341,934687.8680561003,940362.3927853698,940650.0361049717,929291.5200486506
2022-07-25,880391.1496809998,933549.0752768937,964857.5720759773,935589.7749383635,941666.6310017699,941774.5542197829,931935.2531199169
2022-07-26,878398.3081397095,922866.9631896439,953027.5365420723,931907.2968888793,938353.5526249999,927378.0365394375,925278.5808688496
2022-07-27,896046.5594252625,941432.2281318131,970974.9896594429,941019.4673882689,947748.5572064513,942937.7174623361,937981.6317905261
2022-07-28,910029.6641844788,952182.0470786515,980348.5869838143,945397.4755738196,954197.377774536,952178.43186974,947654.6655538832
2022-07-29,924962.7192687073,955280.2370849076,984516.6286593819,948406.033411878,968584.6108067626,964731.0839371216,956845.7688094575
2022-08-01,922023.675346283,951417.7966704789,980011.454602375,952048.8771420874,969219.032197296,962960.8548559108,955484.4146973898
2022-08-02,904719.1022986451,944496.0106749955,973578.2007419014,939480.7476451048,953560.015816986,954242.7203579093,943766.6755352501
2022-08-03,916671.9485854188,961129.3521476212,989042.0593463326,954303.8607182249,965819.540463745,973817.7136635111,955895.2220487702
2022-08-04,918498.3808363953,960818.6170287553,988058.8666850472,951506.4298874869,967380.9018490905,970187.3380955727,953399.1975487205
2022-08-05,918210.3032416382,961782.4275145951,991108.1182414436,955360.1235064901,968535.0946629638,972564.8328350723,955632.1232686064
2022-08-08,917953.7217711487,962368.3716979447,990509.1959010506,958696.7044940543,969547.9935582274,974263.4088913242,956479.0009165215
2022-08-09,917778.6155280152,959506.437066597,989240.1634723091,959017.7137870993,963781.8077557677,965668.2148153841,954785.5870118419
2022-08-10,934620.7533606568,976415.5495200577,1005345.5695659065,974981.8087423376,979897.1916897887,981533.1751578769,970374.189736553
2022-08-11,937938.6977042237,974758.1385131303,1004458.3357135201,975861.0705967726,977404.5376256102,977422.1624674008,971165.4206268988
2022-08-12,952024.1442145386,988287.15162043,1018893.0668307686,990581.1068149351,986506.365891754,994850.6125539033,983528.4459624465
2022-08-15,956995.4535025635,995002.0027327958,1024519.6358691597,993989.4502369856,990553.6678021544,998026.8981763565,987938.7644416991
2022-08-16,963832.8723334351,997484.0927863541,1027002.8389827156,1000194.6326183791,997134.0436947936,1011765.884625367,994917.9375331576
2022-08-17,959612.4988020936,991663.7491240922,1023799.8802768135,996918.0667611555,991164.1825307006,1011003.8686969869,989916.2157837874
2022-08-18,959772.7054022828,991318.6131568375,1026453.0024997139,996113.7762818083,993531.0233967894,1009329.9370941786,990461.5312485562
2022-08-19,951077.2899970093,983855.6093421403,1018308.5690165901,988576.7382907805,985123.6269848937,1000139.1322670905,981946.2117758553
2022-08-22,929722.3048361817,964585.1277327958,998917.0462008858,971235.6294676107,965667.7311947936,979907.1760557612,963210.5516266491
2022-08-23,928484.2429045716,955686.5688796464,990015.3905269051,962907.8284035048,965131.2530491942,969953.0313963651,958723.6477325823
2022-08-24,928127.3736990967,959659.7333083573,992425.9345981026,964975.4835779204,967751.862527191,973069.1851926129,960461.1010957062
2022-08-25,936491.8239058533,964817.9559112015,998085.2623835945,974227.1770382056,976032.2240212554,981865.9897663877,969857.664925496
2022-08-26,904302.3707121888,933107.7722258988,969171.2957621956,945413.5702032293,944253.160020172,948680.4339188052,940481.4684917589
2022-08-29,897791.4652327576,925779.1965918961,961467.7046100044,936650.6067220606,937597.330767929,942963.1722297794,935109.2235467946
2022-08-30,887404.7171858826,919562.4548316422,954631.5795108223,927374.0516088747,927355.3285878295,932345.6763812643,926133.0260206059
2022-08-31,881364.6377295533,913276.3220954362,945842.4835788155,918758.1411364817,918499.759290039,923741.830204562,917963.2512909707
2022-09-01,885395.1993674317,917352.7881522599,949647.8409510994,925562.9162152819,920927.1192277068,931709.6267566087,922216.2453482611
2022-09-02,875907.06575766,906280.267850441,939157.9886561775,915054.3126317019,911689.9472077483,921934.7768772166,912370.183170008
2022-09-06,870061.8903883973,899581.9683890763,933631.961407795,907667.7801023058,907792.8253644103,917724.9198178741,907326.2996135225
2022-09-07,884569.3798293152,912375.4690642777,945530.2154513741,920068.2086997561,918434.1130440825,932354.1437659713,920027.2452897694
2022-09-08,889057.293491272,919225.152112526,953798.7209750557,924475.7844331507,922797.3619073028,936101.7014314318,925656.7284668101
2022-09-09,902043.8633688965,933677.7593245927,966192.4701968575,933958.6477014537,936988.4268677825,943055.9989891521,936645.0854354113
2022-09-12,907861.3037833252,939939.1733260575,977354.6079455757,943957.5201986651,940008.4030221099,956198.9540710455,943334.6450339991
2022-09-13,871670.0580672303,903833.3032355729,941905.2694369698,905885.9750090938,899283.9218934173,908056.5303406327,906151.4019682793
2022-09-14,871443.5032347718,903257.2796912614,942705.2758265877,907970.9134259257,903427.648886978,907865.9629035897,907028.8341241849
2022-09-15,858899.9394911805,900653.7392363969,939876.1880084419,903975.1614583201,892323.2581017608,902918.099600417,901981.1383665162
2022-09-16,856466.4958685914,894681.1233497086,933784.1708461189,902326.5306468615,888235.4675000304,901336.9105199479,897920.1199329871
2022-09-19,864218.380916504,898450.231900734,937790.0207454109,906812.3967966875,892635.736317932,914560.0842194888,903666.7002747288
2022-09-20,852393.6972426453,890172.9891524735,928688.4385920906,900174.1980708574,885388.0918133849,908916.5862396839,894535.2835720076
2022-09-21,836042.5073737183,875374.2272277299,912632.5052195931,886030.9379643206,870468.1483719939,893734.827792977,879315.2125945113
2022-09-22,831426.1734274903,874214.8076987687,912138.785927906,885491.1107817664,870642.9040768737,892258.2313560945,876195.1819694492
2022-09-23,819949.1964949646,861075.6663833085,898316.1775828743,872112.8155040755,855364.4013970488,885410.7910171148,862029.1561698371
2022-09-26,811728.6581610718,853267.437886757,887988.3295298958,862367.8243034224,846852.1097081298,878739.346706106,852427.2455628823
2022-09-27,805055.4761389771,849010.8839965287,884660.2061015511,858385.5050508246,846113.6221650237,882023.583148241,848761.8425745262
2022-09-28,821278.6584166565,863305.3742309037,897489.3113833809,873462.5857120414,863327.5771878356,895900.6564677549,864748.0521927895
2022-09-29,810810.0429648438,851247.3287063065,887514.6722232247,855871.446349359,847555.48133403,875656.0543983966,851401.7634446094
2022-09-30,796375.9299849549,838429.8688769761,874958.9619227791,842955.2836161493,834790.1730397338,856125.463740632,836832.8391886088
2022-10-03,819743.3206023255,859176.0659041825,896639.0117503548,863352.9599880422,858279.2451394195,878519.3373594454,859129.9487207732
2022-10-04,843602.9273299256,883680.336198372,922859.7290240669,885824.2272311586,882351.9032185668,897831.4349766826,883176.403407812
2022-10-05,842893.6788558045,882628.087029976,922011.7582370186,880849.5787749132,882642.3682568663,902004.45247904,881939.7139642864
2022-10-06,834567.0004691163,870784.6833148423,909787.5161754036,870218.8381297487,875991.5687878722,895347.4829297464,871832.9427439246
2022-10-07,817071.8761710206,849257.2111621323,887479.384076252,855386.7490844912,861062.9105847472,870006.3905479342,853475.3732941538
2022-10-10,814753.106986908,841610.2063708726,879683.3068057442,860794.8861112723,861588.6644356841,864469.798954136,850739.6353077653
2022-10-11,815649.187190918,840436.1185908738,874726.8072520638,856509.929839147,867499.9838688964,863589.2140619303,851797.3788897824
2022-10-12,814895.1013030091,840521.1085372391,873768.5808612251,854205.5873403677,865544.7489541167,860453.6057215149,850971.7812902628
2022-10-13,839336.9644011536,864030.6117759171,899841.72325243,877048.5472822317,887595.9946740264,877726.2034970599,875089.359133704
2022-10-14,822756.6169127503,853858.914044899,888094.4115802193,865209.064686788,875009.871115982,863985.5291230285,863323.1993266856
2022-10-17,838707.4525794068,871996.6351924363,907978.1286822701,883486.8546857962,888935.5022347564,882311.9651667628,879374.6715532638
2022-10-18,849443.0280036011,883037.7360949937,920097.9727260018,893369.9837350973,898479.278033554,889731.4397325563,889220.7337315168
2022-10-19,848983.9378279725,878379.8132300797,919119.7183047676,885178.0833217386,894529.5889409179,879976.4259871087,886307.8137378986
2022-10-20,840924.1217154542,878589.3875709,920594.8512545967,880304.9296243548,892435.6919606322,874283.8119878655,883679.5001669403
2022-10-21,866188.9686011353,897908.7973323289,940987.8844462776,901873.1243939432,914703.9456399077,895072.4165824727,905498.54829103
2022-10-24,876864.3418234864,910247.8424239579,953592.8943873787,915523.2000214304,928516.384377777,909913.0534419409,917648.3179544206
2022-10-25,887147.7079466858,919882.9495101395,962391.3615352059,926932.2242868418,941403.5261071319,923352.240873496,927469.34478162
2022-10-26,879782.8643797913,918899.1992583695,958069.7333194161,926426.5606920618,943160.3059933776,919726.1095541999,927538.3626925929
2022-10-27,898732.2341994324,917422.5937018815,957198.9623919869,928054.0442556948,953709.9826539153,911410.9704028823,933194.9295675916
2022-10-28,927953.9763564148,937670.9823527756,978602.863965168,953757.6725282092,980523.2399838561,943984.1250511185,957331.4546198986
2022-10-31,921235.9907378235,935362.1171794358,977971.5338946724,951265.5913184294,973049.283980667,938836.4064742753,953577.7451205532
2022-11-01,919022.8698882142,930356.8899302903,971053.4584704781,948339.5623527674,971426.0820305938,930219.4660731298,951254.4645427738
2022-11-02,900233.2409247437,912763.7700648728,954699.5200282478,939107.5520094408,952802.5018132323,908078.5640484486,936529.9797190897
2022-11-03,899882.65560141,901796.2463431779,942970.7280513191,930087.0009692301,949799.9983494872,890839.0958144036,932261.8506541168
2022-11-04,914765.2855223694,908058.5822577897,951287.362340107,940902.4844353022,958830.5318463439,892569.3976370828,943972.0792109404
2022-11-07,924585.5344008484,924076.324655098,966181.1461192513,951130.4553214487,974440.2519505614,902895.1726391428,956317.6366992756
2022-11-08,929554.2204436341,937296.1798110428,975703.5753871346,959332.914977302,989396.9909146422,909696.4137471046,966042.7326131193
2022-11-09,912849.8739165345,915365.5228000107,958046.4374934578,948921.9415010294,970987.6799786681,888450.6899836421,947197.5428030535
2022-11-10,946195.1673544922,951911.3291564408,996234.6490413094,989153.7231754011,1011549.5153973693,940002.3103963182,982197.7032568944
2022-11-11,952194.4888304749,949018.2813506547,990878.0692988777,989241.3597504438,1012218.5594266051,939920.2110907678,983144.153323773
2022-11-14,946529.3547553101,941559.1405921403,986022.9682856941,986341.7833211684,1010077.4193280333,924596.947440116,976992.6261787383
2022-11-15,944734.3122061768,942534.2839484635,984841.215527668,987332.1315637602,1015901.8768284911,930638.7341006446,978630.5071228988
2022-11-16,944938.0503615418,941681.5864215317,985504.0157634163,986946.868527986,1009518.2281888122,933962.2753511711,977491.6262440578
2022-11-17,941643.4841155091,938400.9613318864,985749.2669307137,991177.1566428217,1011181.9110882872,935169.5799740695,977272.908313489
2022-11-18,943181.3584555665,944855.1856742325,994892.02378191,998576.8245627093,1013328.8237317199,945436.6940621655,983080.9959608875
2022-11-21,949362.6462286988,941623.9014487687,989108.5612231636,1002468.9418871378,1011248.3923466796,934978.591316297,981758.1052518021
2022-11-22,960475.3985518494,951033.5746665421,1002150.5101939583,1014641.0859417529,1024280.050595581,951041.599790513,993347.4244427414
2022-11-23,961445.402652649,957393.8548903886,1009291.2679797554,1016148.780845777,1024262.593110382,954469.1645759918,996142.848981983
2022-11-25,964732.6629675904,963469.0298018876,1015368.1864138985,1020129.4571789221,1027891.9145100707,958279.4995734446,1000599.2552665843
2022-11-28,949505.7764357605,951710.5956588212,1003949.478318348,1006467.4989242739,1012958.7235501403,942055.6351300897,986104.0146006166
2022-11-29,949135.9001311341,948737.3073516312,1002132.5163890267,1005803.6734641661,1012839.0082448119,932478.4008446304,986193.4590821085
2022-11-30,970416.6049002686,977123.15294413,1032734.4874469185,1026596.1294909186,1035619.5466359252,967131.3958032264,1007670.7177657906
2022-12-01,967635.0805472413,964649.3408523026,1020886.1587916756,1023692.7064742846,1027458.7904942626,963332.3184625608,1001997.0244347303
2022-12-02,969821.6041029969,963496.836751503,1019410.9542323494,1025426.1376190295,1030541.6331227416,964279.4856664882,1003012.7769052073
2022-12-05,952737.4163207093,946508.0480227891,1003410.4393283272,1012013.8648615298,1015786.2521527404,950630.4664757705,988948.4856685133
2022-12-06,943601.1905745545,938068.8954291764,996058.1329661751,998484.3560636401,1000429.6442769164,942370.0474948069,978730.0795418622
2022-12-07,943313.652488617,937794.3542876664,994485.2757655525,999957.8918544878,1000759.3080876464,942770.054600821,978776.1673472109
2022-12-08,951145.0939215699,940704.9496093217,998965.4923869515,1005202.735999309,1006122.1067746276,953530.5484497146,984123.604535222
2022-12-09,943374.83787146,934015.6466079178,992148.0451480293,999185.293132564,995213.4468892211,943097.7062421439,975237.7618669271
2022-12-12,961742.2672461548,946893.9091239396,1007856.5295344734,1011758.1526157336,1010349.6634038085,960392.698253557,990636.3235177308
2022-12-13,966714.2506827393,946983.2365737382,1011340.2003222847,1021482.7262717318,1015108.4142239684,962886.7597570108,993654.4488842995
2022-12-14,965197.916160492,941274.8295779648,1006598.9741832161,1017572.0193813052,1013020.8986600036,958774.2945336346,989509.2775321152
2022-12-15,945709.5365599671,918853.2415633622,981288.0348330879,995146.6883389048,990876.0084469909,933786.9345946353,967248.5261575038
2022-12-16,937346.9505538025,910192.8248515549,970566.3788539314,987141.7612015299,986817.2639592284,921983.805126041,959040.3449234111
2022-12-19,930719.9399565735,904835.5770068589,966344.7697535896,982795.4358765177,983472.581429779,911438.9157376215,954294.0975518386
2022-12-20,935609.7930068055,904240.2127700272,968290.9566127205,982807.9328762583,986113.4309514159,907974.3175962543,956980.0493287453
2022-12-21,951078.1562727967,914714.9730620804,980160.8027240181,999700.9846722177,1002125.4029820556,928790.4799483826,972325.1263659345
2022-12-22,938584.9869612732,907335.5172248307,971431.1991435433,991047.1649452738,989273.4403737182,920035.4528521432,962158.2703030438
2022-12-23,944727.9752310792,910099.9586844865,976427.7101184273,993635.1014610819,993844.264115631,923865.1678105532,967298.3692655106
2022-12-27,946775.1205481568,908945.1299529496,976506.6707354927,993735.1006580881,996631.0821240538,922964.843252047,968394.57625051
2022-12-28,935234.0919722596,899742.1072593156,966718.0854426766,982546.6042000345,984983.6882298583,908797.2458070569,957736.685915817
2022-12-29,946511.1155127564,911522.4757438126,977739.3680697823,991080.5708748392,995519.8168194884,922176.4167984718,967789.858725514
2022-12-30,940454.418693451,910200.7350440446,976079.8914653206,989735.644900947,994199.5153363341,918564.9710846521,965647.1740664716
2023-01-03,942524.667194275,909546.39355616,973908.6978160286,991422.7567154459,993537.4333928222,906832.1813517669,965330.2492815424
2023-01-04,942045.5211943665,909897.7632499161,971277.4007235909,1003236.3238280634,1006582.8356907958,906920.1922351153,969216.4185473715
2023-01-05,930396.1615828553,895842.7968345109,955856.6213733101,1001199.0500172973,1001844.6584103698,891966.3716973194,959320.5132611117
2023-01-06,953903.1506651917,912141.9410415116,972482.1060496712,1019443.5217823423,1027512.3366463775,905902.8893260853,979728.4210636519
2023-01-09,951611.3831099549,916029.842057747,974002.8558703804,1009480.6161510329,1021024.6615689391,908038.1778246639,976437.6379646987
2023-01-10,959670.4474020425,920547.3104682389,978491.1395656014,1015672.9337118906,1027030.0432770842,910261.1022352015,981869.3987669407
2023-01-11,967138.3216410103,928197.8435416642,987766.8500644112,1024334.5504056124,1030613.9084637755,927189.7660530473,989703.3015027811
2023-01-12,974190.2834215584,935879.9756675187,995330.4958316231,1031573.4879963831,1038792.8553021544,929746.845041299,996023.7034703776
2023-01-13,980564.073258442,936266.3003211442,996694.3947001839,1037951.0233459391,1041674.69009906,930476.4235016151,999305.1552112107
2023-01-17,976671.5827036324,922343.2512069169,979480.5674525643,1015977.6720161471,1034586.2473958129,926187.9875189709,987892.4490422499
2023-01-18,956666.5149412575,906321.4936271134,962537.0014621163,1001934.8878764224,1016746.4951546782,913900.611229174,970008.5598141194
2023-01-19,941067.9385252419,903874.6084075394,962284.8943263436,995940.7154607653,1007641.0683587188,905784.2751494093,962655.5634126097
2023-01-20,959231.2117777291,914085.4359374467,971636.2524844551,996815.563662147,1018260.2991002196,918139.5167608905,972296.2219151725
2023-01-23,967788.7844960671,921100.6139159623,979038.0505343819,1004017.7922289652,1025313.6892808074,925580.9615615665,979697.8096571362
2023-01-24,973167.3083932381,920691.8468375626,983292.2978335762,1003116.6817571025,1025745.9357541198,931684.7302338665,982739.2634190051
2023-01-25,975392.7585675698,921400.0496650162,983770.058900013,1002404.4425550684,1024712.9208748931,930856.0805588568,983027.056159072
2023-01-26,987047.3349130135,930825.271997017,990072.3874217415,1001986.869763925,1033375.4658063048,933599.9371821897,989015.7397252074
2023-01-27,986516.4515422384,936197.1198478165,995428.1223384285,1000981.4715322814,1033333.0327809447,936765.0851155313,989850.8962769475
2023-01-30,976211.7162478963,932560.0085921708,993716.6325503731,1000177.8749831709,1020927.1112568969,928376.5990437841,982247.7739590016
2023-01-31,976778.3086086465,948532.9741225663,1010412.8891154671,1016692.5118987745,1028128.0671704406,947735.0063546664,992996.0191515884
2023-02-01,976712.0267897054,950487.7733130875,1011529.9747096443,1019202.9489441542,1027660.6185734862,954204.3634919648,993197.6675246205
2023-02-02,982748.1612234517,949708.3961310807,1006581.0955630684,1021984.0729591155,1029370.9022572631,959362.0807381987,992060.9487897343
2023-02-03,975161.0504827901,945516.0770125809,1005368.0566340828,1018854.7041958632,1022619.9263833159,956432.5560551654,988334.0953942464
2023-02-06,979878.2764749929,942156.2651229325,1003981.138814106,1017313.5563570418,1020091.1730721587,950066.9965160298,987314.7014181616
2023-02-07,985449.571554825,951197.6172271195,1015528.1506358528,1024548.1559391798,1028838.9216206664,953230.208831113,995054.2663993498
2023-02-08,975890.5162035676,949668.7386832658,1015337.4462138558,1020399.021684236,1018766.5962498778,946425.3231441358,989004.1324260825
2023-02-09,966273.5250736772,947125.2386641923,1012460.8413020516,1009626.913394464,1013131.589335739,941999.121288686,981746.384155627
2023-02-10,967715.4595982133,948433.7706389847,1015966.354035511,1018077.0096404871,1015443.8947060698,947057.8010216319,986681.0794424036
2023-02-13,981598.798482567,958926.5976500931,1028213.1076976204,1030568.1496876673,1026057.1178486937,961731.7247286967,997653.9600121718
2023-02-14,974798.3954083024,955869.5672355118,1023399.9129992867,1024749.5066346278,1021819.14057666,955543.7125503275,993090.12931214
2023-02-15,979640.2119747697,956338.4089866105,1023399.1736155892,1026527.8648881449,1022952.9274628753,960963.2186735064,994219.9064269615
2023-02-16,968740.4152409135,941189.7899413529,1010690.8681041145,1015636.2641982416,1010611.0672677153,953062.3655419052,981658.191441688
2023-02-17,971558.3748969728,945257.2774558488,1013992.0108195686,1022332.8369470496,1012839.0408070678,954428.1415873162,985440.691594745
2023-02-21,948635.5851459199,929631.3540053788,998492.7446643257,999009.067007627,989114.4261391753,921828.0819925661,965132.697602319
2023-02-22,945981.2030114881,927881.7635932389,997784.5633212471,999945.5480333228,987090.9921429747,920534.6047526303,962671.0398114428
2023-02-23,947432.2300149022,931755.6578612748,1002190.7170878792,1005100.455187406,992463.7328980559,925223.3370049851,965841.1980371374
2023-02-24,936574.1599180547,922329.2337394181,993618.0441752815,996944.533218946,978492.4231141204,913004.0685292212,956024.0403096463
2023-02-27,941409.9450444967,923562.5358519974,994251.9989863777,998775.1350656409,982808.2201531524,914166.4425266444,958126.4408129024
